task_id,run_group,subreddit,kind,start_date,end_date,year,month
0,test_4core,mentalhealth,posts,2019-01-01,2019-02-01,2019,01
1,test_4core,mentalhealth,comments,2019-01-01,2019-02-01,2019,01
2,test_4core,mentalhealth,posts,2019-02-01,2019-03-01,2019,02
3,test_4core,mentalhealth,comments,2019-02-01,2019-03-01,2019,02
4,test_4core,mentalhealth,posts,2019-03-01,2019-04-01,2019,03
5,test_4core,mentalhealth,comments,2019-03-01,2019-04-01,2019,03
6,test_8core,mentalhealth,posts,2019-04-01,2019-05-01,2019,04
7,test_8core,mentalhealth,comments,2019-04-01,2019-05-01,2019,04
8,test_8core,mentalhealth,posts,2019-05-01,2019-06-01,2019,05
9,test_8core,mentalhealth,comments,2019-05-01,2019-06-01,2019,05
10,test_8core,mentalhealth,posts,2019-06-01,2019-07-01,2019,06
11,test_8core,mentalhealth,comments,2019-06-01,2019-07-01,2019,06
12,full,mentalhealth,posts,2019-07-01,2019-08-01,2019,07
13,full,mentalhealth,comments,2019-07-01,2019-08-01,2019,07
14,full,mentalhealth,posts,2019-08-01,2019-09-01,2019,08
15,full,mentalhealth,comments,2019-08-01,2019-09-01,2019,08
16,full,mentalhealth,posts,2019-09-01,2019-10-01,2019,09
17,full,mentalhealth,comments,2019-09-01,2019-10-01,2019,09
18,full,mentalhealth,posts,2019-10-01,2019-11-01,2019,10
19,full,mentalhealth,comments,2019-10-01,2019-11-01,2019,10
20,full,mentalhealth,posts,2019-11-01,2019-12-01,2019,11
21,full,mentalhealth,comments,2019-11-01,2019-12-01,2019,11
22,full,mentalhealth,posts,2019-12-01,2020-01-01,2019,12
23,full,mentalhealth,comments,2019-12-01,2020-01-01,2019,12
24,full,mentalhealth,posts,2020-01-01,2020-02-01,2020,01
25,full,mentalhealth,comments,2020-01-01,2020-02-01,2020,01
26,full,mentalhealth,posts,2020-02-01,2020-03-01,2020,02
27,full,mentalhealth,comments,2020-02-01,2020-03-01,2020,02
28,full,mentalhealth,posts,2020-03-01,2020-04-01,2020,03
29,full,mentalhealth,comments,2020-03-01,2020-04-01,2020,03
30,full,mentalhealth,posts,2020-04-01,2020-05-01,2020,04
31,full,mentalhealth,comments,2020-04-01,2020-05-01,2020,04
32,full,mentalhealth,posts,2020-05-01,2020-06-01,2020,05
33,full,mentalhealth,comments,2020-05-01,2020-06-01,2020,05
34,full,mentalhealth,posts,2020-06-01,2020-07-01,2020,06
35,full,mentalhealth,comments,2020-06-01,2020-07-01,2020,06
36,full,mentalhealth,posts,2020-07-01,2020-08-01,2020,07
37,full,mentalhealth,comments,2020-07-01,2020-08-01,2020,07
38,full,mentalhealth,posts,2020-08-01,2020-09-01,2020,08
39,full,mentalhealth,comments,2020-08-01,2020-09-01,2020,08
40,full,mentalhealth,posts,2020-09-01,2020-10-01,2020,09
41,full,mentalhealth,comments,2020-09-01,2020-10-01,2020,09
42,full,mentalhealth,posts,2020-10-01,2020-11-01,2020,10
43,full,mentalhealth,comments,2020-10-01,2020-11-01,2020,10
44,full,mentalhealth,posts,2020-11-01,2020-12-01,2020,11
45,full,mentalhealth,comments,2020-11-01,2020-12-01,2020,11
46,full,mentalhealth,posts,2020-12-01,2021-01-01,2020,12
47,full,mentalhealth,comments,2020-12-01,2021-01-01,2020,12
48,full,mentalhealth,posts,2021-01-01,2021-02-01,2021,01
49,full,mentalhealth,comments,2021-01-01,2021-02-01,2021,01
50,full,mentalhealth,posts,2021-02-01,2021-03-01,2021,02
51,full,mentalhealth,comments,2021-02-01,2021-03-01,2021,02
52,full,mentalhealth,posts,2021-03-01,2021-04-01,2021,03
53,full,mentalhealth,comments,2021-03-01,2021-04-01,2021,03
54,full,mentalhealth,posts,2021-04-01,2021-05-01,2021,04
55,full,mentalhealth,comments,2021-04-01,2021-05-01,2021,04
56,full,mentalhealth,posts,2021-05-01,2021-06-01,2021,05
57,full,mentalhealth,comments,2021-05-01,2021-06-01,2021,05
58,full,mentalhealth,posts,2021-06-01,2021-07-01,2021,06
59,full,mentalhealth,comments,2021-06-01,2021-07-01,2021,06
60,full,mentalhealth,posts,2021-07-01,2021-08-01,2021,07
61,full,mentalhealth,comments,2021-07-01,2021-08-01,2021,07
62,full,mentalhealth,posts,2021-08-01,2021-09-01,2021,08
63,full,mentalhealth,comments,2021-08-01,2021-09-01,2021,08
64,full,mentalhealth,posts,2021-09-01,2021-10-01,2021,09
65,full,mentalhealth,comments,2021-09-01,2021-10-01,2021,09
66,full,mentalhealth,posts,2021-10-01,2021-11-01,2021,10
67,full,mentalhealth,comments,2021-10-01,2021-11-01,2021,10
68,full,mentalhealth,posts,2021-11-01,2021-12-01,2021,11
69,full,mentalhealth,comments,2021-11-01,2021-12-01,2021,11
70,full,mentalhealth,posts,2021-12-01,2022-01-01,2021,12
71,full,mentalhealth,comments,2021-12-01,2022-01-01,2021,12
72,full,mentalhealth,posts,2022-01-01,2022-02-01,2022,01
73,full,mentalhealth,comments,2022-01-01,2022-02-01,2022,01
74,full,mentalhealth,posts,2022-02-01,2022-03-01,2022,02
75,full,mentalhealth,comments,2022-02-01,2022-03-01,2022,02
76,full,mentalhealth,posts,2022-03-01,2022-04-01,2022,03
77,full,mentalhealth,comments,2022-03-01,2022-04-01,2022,03
78,full,mentalhealth,posts,2022-04-01,2022-05-01,2022,04
79,full,mentalhealth,comments,2022-04-01,2022-05-01,2022,04
80,full,mentalhealth,posts,2022-05-01,2022-06-01,2022,05
81,full,mentalhealth,comments,2022-05-01,2022-06-01,2022,05
82,full,mentalhealth,posts,2022-06-01,2022-07-01,2022,06
83,full,mentalhealth,comments,2022-06-01,2022-07-01,2022,06
84,full,mentalhealth,posts,2022-07-01,2022-08-01,2022,07
85,full,mentalhealth,comments,2022-07-01,2022-08-01,2022,07
86,full,mentalhealth,posts,2022-08-01,2022-09-01,2022,08
87,full,mentalhealth,comments,2022-08-01,2022-09-01,2022,08
88,full,mentalhealth,posts,2022-09-01,2022-10-01,2022,09
89,full,mentalhealth,comments,2022-09-01,2022-10-01,2022,09
90,full,mentalhealth,posts,2022-10-01,2022-11-01,2022,10
91,full,mentalhealth,comments,2022-10-01,2022-11-01,2022,10
92,full,mentalhealth,posts,2022-11-01,2022-12-01,2022,11
93,full,mentalhealth,comments,2022-11-01,2022-12-01,2022,11
94,full,mentalhealth,posts,2022-12-01,2023-01-01,2022,12
95,full,mentalhealth,comments,2022-12-01,2023-01-01,2022,12
96,full,mentalhealth,posts,2023-01-01,2023-02-01,2023,01
97,full,mentalhealth,comments,2023-01-01,2023-02-01,2023,01
98,full,mentalhealth,posts,2023-02-01,2023-03-01,2023,02
99,full,mentalhealth,comments,2023-02-01,2023-03-01,2023,02
100,full,mentalhealth,posts,2023-03-01,2023-04-01,2023,03
101,full,mentalhealth,comments,2023-03-01,2023-04-01,2023,03
102,full,mentalhealth,posts,2023-04-01,2023-05-01,2023,04
103,full,mentalhealth,comments,2023-04-01,2023-05-01,2023,04
104,full,mentalhealth,posts,2023-05-01,2023-06-01,2023,05
105,full,mentalhealth,comments,2023-05-01,2023-06-01,2023,05
106,full,mentalhealth,posts,2023-06-01,2023-07-01,2023,06
107,full,mentalhealth,comments,2023-06-01,2023-07-01,2023,06
108,full,mentalhealth,posts,2023-07-01,2023-08-01,2023,07
109,full,mentalhealth,comments,2023-07-01,2023-08-01,2023,07
110,full,mentalhealth,posts,2023-08-01,2023-09-01,2023,08
111,full,mentalhealth,comments,2023-08-01,2023-09-01,2023,08
112,full,mentalhealth,posts,2023-09-01,2023-10-01,2023,09
113,full,mentalhealth,comments,2023-09-01,2023-10-01,2023,09
114,full,mentalhealth,posts,2023-10-01,2023-11-01,2023,10
115,full,mentalhealth,comments,2023-10-01,2023-11-01,2023,10
116,full,mentalhealth,posts,2023-11-01,2023-12-01,2023,11
117,full,mentalhealth,comments,2023-11-01,2023-12-01,2023,11
118,full,mentalhealth,posts,2023-12-01,2024-01-01,2023,12
119,full,mentalhealth,comments,2023-12-01,2024-01-01,2023,12
120,full,mentalhealth,posts,2024-01-01,2024-02-01,2024,01
121,full,mentalhealth,comments,2024-01-01,2024-02-01,2024,01
122,full,mentalhealth,posts,2024-02-01,2024-03-01,2024,02
123,full,mentalhealth,comments,2024-02-01,2024-03-01,2024,02
124,full,mentalhealth,posts,2024-03-01,2024-04-01,2024,03
125,full,mentalhealth,comments,2024-03-01,2024-04-01,2024,03
126,full,mentalhealth,posts,2024-04-01,2024-05-01,2024,04
127,full,mentalhealth,comments,2024-04-01,2024-05-01,2024,04
128,full,mentalhealth,posts,2024-05-01,2024-06-01,2024,05
129,full,mentalhealth,comments,2024-05-01,2024-06-01,2024,05
130,full,mentalhealth,posts,2024-06-01,2024-07-01,2024,06
131,full,mentalhealth,comments,2024-06-01,2024-07-01,2024,06
132,full,mentalhealth,posts,2024-07-01,2024-08-01,2024,07
133,full,mentalhealth,comments,2024-07-01,2024-08-01,2024,07
134,full,mentalhealth,posts,2024-08-01,2024-09-01,2024,08
135,full,mentalhealth,comments,2024-08-01,2024-09-01,2024,08
136,full,mentalhealth,posts,2024-09-01,2024-10-01,2024,09
137,full,mentalhealth,comments,2024-09-01,2024-10-01,2024,09
138,full,mentalhealth,posts,2024-10-01,2024-11-01,2024,10
139,full,mentalhealth,comments,2024-10-01,2024-11-01,2024,10
140,full,mentalhealth,posts,2024-11-01,2024-12-01,2024,11
141,full,mentalhealth,comments,2024-11-01,2024-12-01,2024,11
142,full,mentalhealth,posts,2024-12-01,2025-01-01,2024,12
143,full,mentalhealth,comments,2024-12-01,2025-01-01,2024,12
